{ "height":15,
 "infinite":false,
 "layers":[
        {
         "data":[0, 0, 0, 0, 0, 0, 0, 0, 0, 0, 0, 0, 0, 0, 0, 0, 0, 0, 0, 0, 0, 0, 0, 0, 0, 0, 0, 0, 0, 0, 0, 0, 0, 0, 0, 0, 0, 0, 0, 0, 0, 0, 0, 0, 0, 0, 0, 0, 0, 7, 7, 7, 0, 0, 0, 0, 0, 0, 0, 0, 0, 0, 0, 0, 0, 0, 7, 7, 7, 7, 0, 0, 0, 0, 0, 0, 0, 0, 0, 0, 0, 0, 7, 7, 0, 0, 0, 0, 0, 0, 0, 0, 0, 0, 0, 0, 0, 0, 0, 0, 0, 0, 0, 0, 0, 0, 0, 0, 0, 0, 0, 0, 0, 0, 0, 0, 0, 0, 0, 0, 0, 0, 0, 0, 0, 0, 0, 0, 0, 0, 0, 0, 0, 0, 0, 0, 0, 0, 0, 0, 0, 0, 0, 0, 0, 0, 0, 0, 0, 0, 0, 0, 0, 0, 0, 0, 0, 0, 0, 0, 0, 0, 0, 0, 0, 0, 0, 0, 0, 7, 7, 7, 0, 0, 0, 0, 0, 0, 0, 0, 0, 0, 0, 0, 0, 0, 0, 7, 7, 7, 7, 0, 0, 0, 0, 0, 0, 0, 0, 0, 0, 7, 7, 7, 0, 0, 0, 0, 0, 0, 0, 0, 0, 0, 0, 0, 0, 0, 0, 0, 0, 0, 0, 0, 0, 0, 0, 0, 0, 0, 0, 0, 0, 0, 0, 0, 0, 0, 0, 0, 0, 0, 0, 0, 0, 0, 0, 0, 0, 0, 0, 0, 0, 0, 0, 0, 0, 0, 0, 0, 0, 0, 0, 0, 0, 0, 0, 0, 0, 0, 0, 0, 0, 0, 0, 0, 0, 0, 0, 0, 0, 0, 0, 0, 0, 0, 0, 0, 7, 7, 7, 7, 0, 0, 0, 0, 0, 0, 0, 0, 0, 0, 0, 0, 0, 0, 0, 0, 7, 7, 7, 7, 7, 0, 0, 0, 0, 0, 0, 0, 7, 7, 7, 0, 0, 0, 0, 0, 0, 0, 0, 0, 0, 0, 0, 0, 0, 0, 0, 0, 0, 0, 0, 0, 0, 0, 0, 0, 0, 0, 0, 0, 0, 0, 0, 0, 0, 0, 0, 0, 0, 0, 0, 0, 0, 0, 0, 0, 0, 0, 0, 0, 0, 0, 0, 0, 0, 0, 0, 0, 0, 0, 0, 0, 0, 0, 0, 0, 0, 0, 0, 0, 0, 0, 0, 0, 0, 0, 0, 0, 0, 0, 0, 0, 0, 0, 0, 7, 7, 7, 7, 0, 0, 0, 0, 0, 0, 0, 0, 0, 0, 0, 0, 0, 0, 0, 0, 0, 0, 7, 7, 7, 7, 7, 0, 0, 0, 0, 0, 7, 7, 7, 0, 0, 0, 0, 0, 0, 0, 0, 0, 0, 0, 0, 0, 0, 0, 0, 0, 0, 0, 0, 0, 0, 0, 0, 0, 0, 0, 0, 0, 0, 0, 0, 0, 0, 0, 0, 0, 0, 0, 0, 0, 0, 0, 0, 0, 0, 0, 0, 0, 0, 0, 0, 0, 0, 0, 0, 0, 0, 0, 0, 0, 0, 0, 0, 0, 0, 0, 0, 0, 0, 0, 0, 0, 0, 0, 0, 0, 0, 0, 0, 0, 0, 0, 0, 0, 7, 7, 7, 0, 0, 0, 0, 0, 0, 0, 0, 0, 0, 0, 0, 0, 0, 0, 0, 0, 0, 0, 0, 7, 7, 7, 7, 7, 7, 7, 7, 7, 7, 7, 0, 0, 0, 0, 0, 0, 0, 0, 0, 0, 0, 0, 0, 0, 0, 0, 0, 0, 0, 0, 0, 0, 0, 0, 0, 0, 0, 0, 0, 0, 0, 0, 0, 0, 0, 0, 0, 0, 0, 0, 0, 0, 0, 0, 0, 0, 0, 0, 0, 0, 0, 0, 0, 0, 0, 0, 0, 0, 0, 0, 0, 0, 0, 0, 0, 0, 0, 0, 0, 0, 0, 0, 0, 0, 0, 0, 0, 0, 0, 0, 0, 0, 0, 0, 0, 0, 7, 7, 7, 0, 0, 0, 0, 0, 0, 0, 0, 0, 0, 0, 0, 0, 0, 0, 0, 0, 0, 0, 0, 0, 0, 7, 7, 7, 7, 7, 7, 7, 7, 0, 0, 0, 0, 0, 0, 0, 0, 0, 0, 0, 0, 0, 0, 0, 0, 0, 0, 0, 0, 0, 0, 0, 0, 0, 0, 0, 0, 0, 0, 0, 0, 0, 0, 0, 0, 0, 0, 0, 0, 0, 0, 0, 0, 0, 0, 0, 0, 0, 0, 0, 0, 0, 0, 0, 0, 0, 0, 0, 0, 0, 0, 0, 0, 0, 0, 0, 0, 0, 0, 0, 0, 0, 0, 0, 0, 0, 0, 0, 0, 0, 0, 0, 0, 0, 0, 0, 7, 7, 7, 0, 0, 0, 0, 0, 0, 0, 0, 0, 0, 0, 0, 0, 0, 0, 0, 0, 0, 0, 0, 0, 0, 0, 7, 7, 7, 7, 7, 0, 0, 0, 0, 0, 0, 0, 0, 0, 0, 0, 0, 0, 0, 0, 0, 0, 0, 0, 0, 0, 0, 0, 0, 0, 0, 0, 0, 0, 0, 0, 0, 0, 0, 0, 0, 0, 0, 0, 0, 0, 0, 0, 0, 0, 0, 0, 0, 0, 0, 0, 0, 0, 0, 0, 0, 0, 0, 0, 0, 0, 0, 0, 0, 0, 0, 0, 0, 0, 0, 0, 0, 0, 0, 0, 0, 0, 0, 0, 0, 0, 0, 0, 0, 0, 0, 0, 0, 0, 7, 7, 7, 0, 0, 0, 0, 0, 0, 0, 0, 0, 0, 0, 0, 0, 0, 0, 0, 0, 0, 0, 0, 0, 0, 0, 0, 7, 7, 7, 7, 7, 0, 0, 0, 0, 0, 0, 0, 0, 0, 0, 0, 0, 0, 0, 0, 0, 0, 0, 0, 0, 0, 0, 0, 0, 0, 0, 0, 0, 0, 0, 0, 0, 0, 0, 0, 0, 0, 0, 0, 0, 0, 0, 0, 0, 0, 0, 0, 0, 0, 0, 0, 0, 0, 0, 0, 0, 0, 0, 0, 0, 0, 0, 0, 0, 0, 0, 0, 0, 0, 0, 0, 0, 0, 0, 0, 0, 0, 0, 0, 0, 0, 0, 0, 0, 0, 0, 0, 0, 7, 7, 7, 0, 0, 0, 0, 0, 0, 0, 0, 0, 0, 0, 0, 0, 0, 0, 0, 0, 0, 0, 0, 0, 0, 0, 0, 0, 7, 7, 7, 7, 0, 0, 0, 0, 0, 0, 0, 0, 0, 0, 0, 0, 0, 0, 0, 0, 0, 0, 0, 0, 0, 0, 0, 0, 0, 0, 0, 0, 0, 0, 0, 0, 0, 0, 0, 0, 0, 0, 0, 0, 0, 0, 0, 0, 0, 0, 0, 0, 0, 0, 0, 0, 0, 0, 0, 0, 0, 0, 0, 0, 0, 0, 0, 0, 0, 0, 0, 0, 0, 0, 0, 0, 0, 0, 0, 0, 0, 0, 0, 0, 0, 0, 0, 0, 0, 0, 0, 0, 7, 7, 7, 0, 0, 0, 0, 0, 0, 0, 0, 0, 0, 0, 0, 0, 0, 0, 0, 0, 0, 0, 0, 0, 0, 0, 0, 0, 7, 7, 7, 7, 0, 0, 0, 0, 0, 0, 0, 0, 0, 0, 0, 0, 0, 0, 0, 0, 0, 0, 0, 0, 0, 0, 0, 0, 0, 0, 0, 0, 0, 0, 0, 0, 0, 0, 0, 0, 0, 0, 0, 0, 0, 0, 0, 0, 0, 0, 0, 0, 0, 0, 0, 0, 0, 0, 0, 0, 0, 0, 0, 0, 0, 0, 0, 0, 0, 0, 0, 0, 0, 0, 0, 0, 0, 0, 0, 0, 0, 0, 0, 0, 0, 0, 0, 0, 0, 0, 0, 0, 7, 7, 7, 0, 0, 0, 0, 0, 0, 0, 0, 0, 0, 0, 0, 0, 0, 0, 0, 0, 0, 0, 0, 0, 0, 0, 0, 0, 7, 7, 7, 7, 0, 0, 0, 0, 0, 0, 0, 0, 0, 0, 0, 0, 0, 0, 0, 0, 0, 0, 0, 0, 0, 0, 0, 0, 0, 0, 0, 0, 0, 0, 0, 0, 0, 0, 0, 0, 0, 0, 0, 0, 0, 0, 0, 0, 0, 0, 0, 0, 0, 0, 0, 0, 0, 0, 0, 0, 0, 0, 0, 0, 0, 0, 0, 0, 0, 0, 0, 0, 0, 0, 0, 0, 0, 0, 0, 0, 0, 0, 0, 0, 0, 0, 0, 0, 0, 0, 0, 0, 7, 7, 7, 7, 0, 0, 0, 0, 0, 0, 0, 0, 0, 0, 0, 0, 0, 0, 0, 0, 0, 0, 0, 0, 0, 0, 0, 0, 7, 7, 7, 7, 0, 0, 0, 0, 0, 0, 0, 0, 0, 0, 0, 0, 0, 0, 0, 0, 0, 0, 0, 0, 0, 0, 0, 0, 0, 0, 0, 0, 0, 0, 0, 0, 0, 0, 0, 0, 0, 0, 0, 0, 0, 0, 0, 0, 0, 0, 0, 0, 0, 0, 0, 0, 0, 0, 0, 0, 0, 0, 0, 0, 0, 0, 0, 0, 0, 0, 0, 0, 0, 0, 0, 0, 0, 0, 0, 0, 0, 0, 0, 0, 0, 0, 0, 0, 0, 0, 0, 0, 0, 7, 7, 7, 0, 0, 0, 0, 0, 0, 0, 0, 0, 0, 0, 0, 0, 0, 0, 0, 0, 0, 0, 0, 0, 0, 0, 0, 7, 7, 7, 7, 0, 0, 0, 0, 0, 0, 0, 0, 0, 0, 0, 0, 0, 0, 0, 0, 0, 0, 0, 0, 0, 0, 0, 0, 0, 0, 0, 0, 0, 0, 0, 0, 0, 0, 0, 0, 0, 0, 0, 0, 0, 0, 0, 0, 0, 0, 0, 0, 0, 0, 0, 0, 0, 0, 0, 0, 0, 0, 0, 0, 0, 0, 0, 0, 0, 0, 0, 0, 0, 0, 0, 0, 0, 0, 0, 0, 0, 0, 0, 0, 0, 0, 0, 0, 0, 0, 0, 0, 0, 7, 7, 7, 0, 0, 0, 0, 0, 0, 0, 0, 0, 0, 0, 0, 0, 0, 0, 0, 0, 0, 0, 0, 0, 0, 0, 0, 7, 7, 7, 7, 2, 2, 0, 0, 0, 0, 0, 0, 0, 0, 0, 0, 0, 0, 0, 0, 0, 0, 0, 0, 0, 0, 0, 0, 0, 0, 0, 0, 0, 0, 0, 0, 0, 0, 0, 0, 0, 0, 0, 0, 0, 0, 0, 0, 0, 0, 0, 0, 0, 0, 0, 0, 0, 0, 0, 0, 0, 0, 0, 0, 0, 0, 0, 0, 0, 0, 0, 0, 0, 0, 0, 0, 0, 0, 0, 0, 0, 0, 0, 0, 0, 0, 0, 0, 0, 0, 0, 0, 0, 7, 7, 7, 0, 0, 0, 0, 0, 0, 0, 0, 0, 0, 0, 0, 0, 0, 0, 0, 0, 0, 0, 0, 0, 0, 0, 0, 7, 7, 7, 7, 7, 2, 0, 0, 0, 0, 0, 0, 0, 0, 0, 0, 0, 0, 0, 0, 0, 0, 0, 0, 0, 0, 0, 0, 0, 0, 0, 0, 0, 0, 0, 0, 0, 0, 0, 0, 0, 0, 0, 0, 0],
         "height":15,
         "name":"Water",
         "opacity":1,
         "type":"tilelayer",
         "visible":true,
         "width":120,
         "x":0,
         "y":0
        }, 
        {
         "data":[42, 52, 52, 42, 42, 42, 42, 42, 42, 42, 42, 42, 42, 42, 42, 42, 42, 42, 42, 42, 42, 42, 12, 42, 52, 52, 52, 52, 52, 52, 52, 52, 52, 52, 42, 42, 42, 42, 42, 52, 52, 42, 53, 52, 52, 42, 42, 52, 53, 85, 0, 87, 61, 62, 5, 42, 42, 42, 42, 42, 42, 42, 42, 52, 52, 43, 95, 98, 89, 77, 2, 2, 2, 61, 62, 5, 52, 52, 52, 6, 63, 2, 85, 87, 41, 42, 42, 42, 42, 42, 42, 52, 52, 52, 52, 52, 52, 52, 42, 42, 42, 42, 42, 42, 42, 42, 42, 42, 42, 42, 42, 42, 42, 42, 42, 42, 42, 42, 42, 42, 62, 62, 62, 51, 52, 52, 52, 42, 42, 52, 52, 52, 52, 52, 12, 42, 12, 12, 12, 12, 12, 12, 12, 12, 6, 62, 62, 62, 62, 62, 62, 62, 62, 62, 5, 52, 42, 42, 42, 42, 52, 52, 42, 42, 42, 42, 42, 6, 63, 85, 0, 87, 2, 11, 61, 5, 42, 42, 42, 42, 42, 42, 52, 52, 42, 42, 33, 95, 118, 89, 77, 2, 24, 2, 2, 61, 62, 62, 62, 63, 2, 75, 88, 97, 41, 42, 42, 42, 42, 42, 6, 62, 62, 62, 62, 62, 62, 62, 5, 52, 42, 42, 42, 42, 42, 42, 42, 42, 42, 42, 42, 42, 42, 42, 42, 42, 42, 42, 42, 42, 22, 2, 2, 61, 62, 62, 62, 5, 6, 62, 62, 62, 62, 62, 5, 42, 41, 52, 52, 52, 52, 42, 42, 6, 63, 2, 2, 2, 71, 72, 74, 2, 2, 2, 61, 62, 5, 52, 52, 52, 42, 53, 42, 42, 42, 42, 6, 63, 75, 88, 99, 97, 2, 21, 2, 61, 5, 42, 42, 42, 12, 62, 62, 62, 62, 5, 42, 33, 95, 118, 89, 76, 77, 2, 2, 23, 3, 2, 11, 2, 75, 88, 97, 31, 42, 42, 42, 42, 42, 42, 63, 13, 2, 2, 2, 2, 2, 2, 61, 62, 5, 42, 42, 42, 42, 42, 42, 42, 42, 42, 42, 42, 42, 42, 42, 42, 42, 42, 42, 42, 2, 2, 2, 22, 2, 23, 2, 61, 63, 2, 22, 2, 2, 13, 61, 41, 42, 52, 42, 42, 42, 42, 6, 63, 2, 2, 23, 2, 81, 82, 84, 2, 13, 2, 2, 2, 61, 62, 62, 62, 42, 42, 42, 42, 42, 42, 53, 75, 88, 99, 97, 2, 2, 2, 24, 2, 41, 42, 42, 42, 63, 2, 13, 2, 2, 61, 5, 42, 33, 95, 118, 0, 109, 77, 2, 2, 2, 2, 21, 75, 88, 97, 2, 41, 42, 42, 42, 42, 42, 53, 2, 2, 2, 2, 24, 2, 14, 2, 2, 2, 61, 42, 42, 42, 42, 42, 42, 42, 42, 42, 42, 42, 42, 42, 42, 42, 42, 42, 42, 42, 2, 2, 2, 2, 2, 2, 22, 2, 2, 22, 2, 2, 2, 2, 22, 51, 52, 52, 52, 42, 42, 6, 63, 2, 13, 2, 2, 4, 91, 92, 94, 2, 15, 14, 15, 15, 15, 3, 2, 13, 5, 42, 42, 42, 42, 6, 63, 85, 0, 87, 2, 24, 2, 14, 2, 2, 41, 42, 42, 43, 3, 23, 2, 2, 24, 2, 61, 5, 12, 2, 95, 96, 98, 109, 77, 75, 76, 76, 76, 88, 97, 2, 23, 51, 42, 42, 42, 42, 42, 63, 3, 2, 11, 2, 2, 2, 2, 3, 2, 2, 2, 51, 52, 42, 42, 42, 42, 42, 42, 52, 52, 52, 52, 52, 52, 52, 42, 42, 42, 42, 46, 22, 2, 2, 13, 15, 15, 13, 2, 2, 24, 2, 3, 2, 2, 61, 62, 41, 42, 52, 6, 63, 24, 2, 2, 2, 2, 2, 14, 49, 14, 2, 15, 15, 15, 2, 71, 72, 74, 2, 51, 52, 52, 52, 52, 53, 3, 85, 0, 87, 2, 2, 23, 2, 2, 2, 51, 42, 42, 43, 2, 13, 2, 2, 2, 13, 2, 61, 63, 24, 2, 2, 95, 98, 89, 88, 119, 96, 96, 97, 2, 2, 2, 61, 5, 42, 42, 42, 43, 2, 14, 2, 21, 2, 31, 33, 2, 2, 11, 2, 13, 61, 62, 42, 42, 42, 42, 42, 6, 62, 62, 62, 62, 62, 62, 62, 5, 52, 42, 42, 56, 2, 2, 2, 2, 15, 15, 2, 3, 2, 2, 2, 2, 2, 22, 2, 3, 51, 42, 42, 42, 2, 2, 2, 14, 37, 28, 28, 90, 26, 45, 46, 15, 15, 13, 4, 81, 82, 84, 2, 61, 62, 62, 62, 62, 63, 2, 85, 0, 87, 2, 13, 2, 2, 13, 2, 61, 5, 42, 42, 33, 2, 2, 2, 2, 2, 2, 2, 2, 2, 2, 2, 23, 95, 98, 0, 109, 77, 24, 2, 14, 2, 2, 3, 41, 42, 42, 42, 43, 23, 2, 2, 2, 2, 41, 43, 2, 2, 21, 2, 2, 2, 24, 52, 42, 42, 42, 6, 63, 2, 22, 2, 2, 2, 2, 2, 61, 62, 52, 42, 58, 45, 46, 15, 15, 37, 28, 28, 28, 28, 28, 28, 28, 28, 28, 38, 2, 61, 5, 52, 6, 13, 2, 2, 37, 48, 2, 2, 64, 67, 55, 58, 46, 15, 2, 2, 91, 92, 94, 2, 13, 2, 24, 2, 14, 2, 23, 85, 50, 87, 2, 2, 2, 2, 3, 2, 2, 41, 42, 42, 43, 2, 2, 2, 31, 33, 2, 2, 11, 2, 24, 2, 2, 2, 95, 98, 0, 109, 77, 2, 2, 2, 13, 2, 61, 52, 42, 42, 43, 2, 2, 2, 2, 31, 42, 42, 33, 2, 2, 2, 2, 2, 2, 61, 42, 42, 6, 63, 13, 2, 2, 14, 13, 2, 23, 2, 2, 2, 42, 42, 55, 55, 35, 28, 28, 48, 22, 2, 2, 2, 2, 2, 3, 2, 2, 47, 38, 2, 61, 62, 63, 2, 37, 28, 48, 2, 2, 2, 2, 54, 55, 55, 35, 28, 28, 28, 28, 48, 2, 2, 3, 2, 2, 2, 2, 2, 2, 18, 19, 20, 2, 2, 11, 2, 2, 2, 2, 51, 52, 52, 53, 2, 2, 3, 41, 43, 2, 2, 21, 2, 2, 2, 3, 2, 2, 85, 0, 0, 117, 2, 13, 2, 2, 2, 2, 61, 42, 42, 43, 2, 11, 2, 2, 42, 42, 42, 43, 2, 13, 2, 2, 11, 2, 2, 52, 42, 63, 2, 2, 2, 2, 2, 2, 2, 2, 2, 2, 13, 42, 42, 68, 65, 66, 23, 2, 2, 2, 2, 2, 2, 23, 2, 31, 32, 33, 2, 47, 28, 28, 28, 28, 28, 48, 2, 2, 71, 72, 74, 4, 54, 55, 68, 66, 2, 2, 2, 2, 2, 2, 2, 2, 2, 3, 2, 2, 2, 2, 18, 19, 20, 2, 2, 21, 2, 2, 11, 2, 61, 62, 62, 63, 2, 13, 31, 42, 42, 33, 3, 2, 2, 13, 2, 2, 11, 2, 85, 50, 50, 117, 2, 2, 11, 2, 2, 2, 2, 52, 52, 63, 2, 21, 2, 2, 42, 42, 42, 42, 33, 2, 3, 2, 21, 2, 2, 61, 12, 2, 2, 24, 2, 2, 2, 14, 22, 2, 24, 2, 2, 42, 42, 66, 2, 22, 15, 15, 2, 3, 2, 13, 2, 2, 31, 42, 42, 42, 33, 3, 2, 13, 2, 2, 2, 2, 2, 2, 81, 82, 84, 37, 80, 65, 66, 2, 2, 13, 2, 3, 24, 2, 2, 2, 2, 13, 2, 23, 2, 2, 85, 30, 87, 2, 2, 3, 2, 2, 21, 2, 2, 2, 2, 2, 2, 2, 41, 42, 42, 43, 2, 2, 11, 2, 2, 2, 21, 2, 18, 19, 19, 20, 2, 2, 21, 3, 2, 2, 2, 61, 63, 2, 2, 2, 2, 13, 42, 42, 42, 42, 43, 2, 23, 2, 2, 2, 2, 2, 21, 2, 2, 2, 2, 2, 2, 2, 13, 2, 2, 2, 31, 42, 42, 2, 2, 2, 15, 2, 22, 2, 2, 2, 2, 31, 42, 42, 42, 42, 43, 32, 33, 2, 24, 2, 2, 24, 3, 2, 91, 92, 94, 49, 2, 2, 2, 2, 2, 2, 2, 2, 2, 2, 31, 32, 32, 32, 32, 33, 2, 24, 95, 98, 89, 77, 2, 2, 13, 2, 2, 2, 2, 2, 3, 13, 2, 31, 42, 42, 42, 42, 33, 2, 21, 2, 2, 24, 2, 2, 18, 19, 19, 20, 2, 2, 2, 2, 2, 2, 2, 2, 2, 2, 2, 2, 2, 31, 42, 42, 42, 42, 43, 2, 2, 2, 24, 2, 2, 2, 2, 2, 14, 2, 2, 13, 2, 2, 2, 2, 31, 32, 42, 42, 42, 32, 33, 2, 2, 22, 2, 31, 32, 33, 31, 42, 42, 42, 42, 42, 42, 42, 42, 32, 32, 32, 33, 2, 4, 2, 14, 2, 27, 48, 13, 2, 2, 23, 2, 31, 32, 32, 33, 31, 41, 42, 42, 42, 42, 43, 32, 32, 33, 85, 0, 87, 2, 2, 2, 2, 31, 32, 32, 32, 32, 32, 32, 42, 42, 42, 42, 42, 43, 14, 2, 2, 13, 3, 2, 13, 85, 30, 30, 117, 24, 2, 31, 32, 32, 33, 2, 2, 3, 2, 14, 2, 31, 42, 42, 42, 42, 42, 42, 32, 33, 2, 2, 2, 31, 32, 32, 32, 32, 32, 32, 32, 32, 32, 32, 32, 42, 42, 42, 42, 42, 12, 42, 32, 32, 32, 32, 12, 12, 12, 12, 12, 12, 12, 12, 12, 12, 42, 42, 42, 42, 42, 43, 32, 32, 32, 32, 32, 32, 32, 32, 32, 32, 32, 32, 42, 42, 42, 42, 41, 42, 42, 42, 42, 42, 42, 42, 42, 43, 85, 0, 87, 2, 2, 31, 32, 42, 42, 42, 42, 42, 42, 42, 42, 42, 42, 42, 42, 42, 32, 32, 32, 32, 32, 32, 33, 85, 0, 0, 117, 2, 31, 41, 42, 42, 43, 32, 32, 32, 32, 32, 32, 42, 42, 42, 42, 42, 42, 42, 42, 43, 32, 32, 32, 42, 42, 42, 42, 42, 42, 42, 42, 42, 42, 42, 42, 42, 42, 42, 42, 42, 12, 12, 12, 12, 12, 12, 12, 12, 12, 12, 12, 12, 12, 12, 12, 12, 12, 12, 12, 12, 42, 42, 42, 42, 42, 42, 42, 42, 42, 42, 42, 42, 42, 42, 12, 12, 42, 42, 42, 42, 42, 42, 42, 42, 43, 42, 42, 43, 85, 0, 87, 23, 31, 42, 42, 42, 42, 42, 42, 42, 42, 42, 42, 42, 42, 42, 42, 42, 42, 42, 42, 42, 42, 42, 43, 125, 118, 0, 89, 77, 41, 42, 42, 42, 42, 42, 42, 42, 42, 42, 42, 42, 42, 42, 42, 42, 42, 42, 42, 42, 42, 42, 42, 42, 42, 42, 42, 42, 42, 42, 42, 42, 42, 42, 42, 42, 42, 42, 42, 42],
         "height":15,
         "name":"GameLayer",
         "opacity":1,
         "type":"tilelayer",
         "visible":true,
         "width":120,
         "x":0,
         "y":0
        }, 
        {
         "data":[0, 0, 0, 0, 0, 0, 0, 0, 0, 0, 0, 0, 0, 0, 0, 0, 0, 0, 0, 0, 0, 0, 0, 0, 0, 0, 0, 0, 0, 0, 0, 0, 0, 0, 0, 0, 0, 0, 0, 0, 0, 0, 0, 0, 0, 0, 0, 0, 0, 0, 0, 0, 0, 0, 0, 0, 0, 0, 0, 0, 0, 0, 0, 0, 0, 0, 0, 0, 0, 0, 0, 0, 0, 0, 0, 0, 0, 0, 0, 0, 0, 0, 0, 0, 0, 0, 0, 0, 0, 0, 0, 0, 0, 0, 0, 0, 0, 0, 0, 0, 0, 0, 0, 0, 0, 0, 0, 0, 0, 0, 0, 0, 0, 0, 0, 0, 0, 0, 0, 0, 0, 0, 0, 0, 0, 0, 0, 0, 0, 0, 0, 0, 0, 0, 0, 0, 0, 0, 0, 0, 0, 0, 0, 0, 0, 0, 0, 0, 0, 0, 0, 0, 0, 0, 0, 0, 0, 0, 0, 0, 0, 0, 0, 0, 0, 0, 0, 0, 0, 0, 0, 0, 0, 0, 0, 0, 0, 0, 0, 0, 0, 0, 0, 0, 0, 0, 0, 0, 0, 0, 0, 0, 0, 0, 0, 0, 0, 0, 0, 0, 0, 0, 99, 0, 0, 0, 0, 0, 0, 0, 0, 0, 0, 0, 0, 0, 0, 0, 0, 0, 0, 0, 0, 0, 0, 0, 0, 0, 0, 0, 0, 0, 0, 0, 0, 0, 0, 0, 0, 0, 0, 0, 0, 0, 0, 0, 0, 0, 0, 0, 0, 0, 0, 0, 0, 0, 0, 0, 0, 0, 0, 0, 0, 0, 0, 0, 0, 0, 0, 0, 0, 0, 0, 0, 0, 0, 0, 0, 0, 0, 0, 0, 0, 0, 0, 0, 0, 0, 0, 0, 0, 0, 0, 0, 0, 0, 0, 0, 0, 0, 0, 0, 0, 0, 0, 0, 0, 0, 0, 0, 0, 0, 0, 0, 0, 0, 0, 0, 0, 0, 0, 99, 0, 0, 0, 0, 0, 0, 0, 0, 0, 0, 0, 0, 0, 0, 0, 0, 0, 0, 0, 0, 0, 0, 0, 0, 0, 0, 0, 0, 0, 0, 0, 0, 0, 0, 0, 0, 0, 0, 0, 0, 0, 0, 0, 0, 0, 0, 0, 0, 0, 0, 0, 0, 0, 0, 0, 0, 0, 0, 0, 0, 0, 0, 0, 0, 0, 0, 0, 0, 0, 0, 0, 0, 0, 0, 0, 0, 0, 0, 0, 0, 0, 0, 0, 0, 0, 0, 0, 0, 0, 0, 0, 0, 0, 0, 0, 0, 0, 0, 0, 0, 0, 0, 0, 0, 0, 0, 0, 0, 0, 0, 0, 0, 0, 0, 0, 0, 0, 0, 99, 0, 0, 0, 0, 0, 0, 0, 0, 0, 0, 0, 0, 0, 0, 0, 0, 0, 0, 0, 0, 0, 0, 0, 0, 0, 0, 0, 0, 0, 0, 0, 0, 0, 0, 0, 0, 0, 0, 0, 0, 0, 0, 0, 0, 0, 0, 0, 0, 0, 0, 0, 0, 0, 0, 0, 0, 0, 0, 0, 0, 0, 0, 0, 0, 0, 0, 0, 0, 0, 0, 0, 0, 0, 0, 0, 0, 0, 0, 0, 0, 0, 0, 0, 0, 0, 0, 0, 0, 0, 0, 0, 0, 0, 0, 0, 0, 0, 0, 0, 0, 0, 0, 0, 0, 0, 0, 0, 0, 0, 0, 0, 0, 0, 0, 0, 0, 0, 0, 99, 0, 0, 0, 0, 0, 0, 0, 0, 0, 0, 0, 0, 0, 0, 0, 0, 0, 0, 0, 0, 0, 0, 0, 0, 0, 0, 0, 0, 0, 0, 0, 0, 0, 0, 0, 0, 0, 0, 0, 0, 0, 0, 0, 0, 0, 0, 0, 0, 0, 0, 0, 0, 0, 0, 0, 0, 0, 0, 0, 0, 0, 0, 0, 0, 0, 0, 0, 0, 0, 0, 0, 0, 0, 0, 0, 0, 0, 0, 0, 0, 0, 0, 0, 0, 0, 0, 0, 0, 0, 0, 0, 0, 0, 0, 0, 0, 0, 0, 0, 0, 0, 0, 0, 0, 0, 0, 0, 0, 0, 0, 0, 0, 0, 0, 0, 0, 0, 0, 0, 0, 0, 0, 0, 0, 0, 0, 0, 0, 0, 0, 0, 0, 0, 0, 0, 0, 0, 0, 0, 0, 0, 0, 0, 0, 0, 0, 0, 0, 0, 0, 0, 0, 0, 0, 0, 0, 0, 0, 0, 0, 0, 0, 0, 0, 0, 0, 0, 0, 0, 0, 0, 0, 0, 0, 0, 0, 0, 0, 0, 0, 0, 0, 0, 0, 0, 0, 0, 0, 0, 0, 0, 0, 0, 0, 0, 0, 0, 0, 0, 0, 0, 0, 0, 0, 0, 0, 0, 0, 0, 0, 0, 0, 0, 0, 0, 0, 0, 0, 0, 0, 0, 0, 0, 0, 0, 0, 0, 0, 0, 0, 0, 0, 0, 0, 0, 0, 0, 0, 0, 0, 0, 0, 0, 0, 0, 0, 0, 0, 0, 0, 0, 0, 0, 0, 0, 0, 0, 0, 0, 0, 0, 0, 0, 0, 0, 0, 0, 0, 0, 0, 0, 0, 0, 0, 0, 0, 0, 0, 0, 0, 0, 0, 0, 0, 0, 0, 0, 0, 0, 0, 0, 0, 0, 0, 0, 0, 0, 0, 0, 0, 0, 0, 0, 0, 0, 0, 0, 0, 0, 0, 0, 0, 0, 0, 0, 0, 0, 0, 0, 0, 0, 0, 0, 0, 0, 0, 0, 0, 0, 0, 0, 0, 0, 0, 0, 0, 0, 0, 0, 0, 0, 0, 0, 0, 0, 0, 0, 0, 0, 0, 0, 0, 0, 0, 0, 0, 0, 0, 0, 0, 0, 0, 0, 0, 0, 0, 0, 0, 0, 0, 0, 0, 0, 0, 0, 0, 0, 0, 0, 0, 0, 0, 0, 0, 0, 0, 0, 0, 0, 0, 0, 0, 0, 0, 0, 0, 0, 0, 0, 0, 0, 0, 0, 0, 0, 0, 0, 0, 0, 0, 0, 0, 0, 0, 0, 0, 0, 0, 0, 0, 0, 0, 0, 0, 0, 0, 0, 0, 0, 0, 0, 0, 0, 0, 0, 0, 0, 0, 0, 0, 0, 0, 0, 0, 0, 0, 0, 0, 0, 0, 0, 0, 0, 0, 0, 0, 0, 0, 0, 0, 0, 0, 0, 0, 0, 0, 0, 0, 0, 0, 0, 0, 0, 0, 0, 0, 0, 0, 0, 0, 0, 0, 0, 0, 0, 0, 0, 0, 0, 0, 0, 0, 0, 0, 0, 0, 0, 0, 0, 0, 0, 0, 0, 0, 0, 0, 0, 0, 0, 0, 0, 0, 0, 0, 0, 0, 0, 0, 0, 0, 0, 0, 0, 0, 0, 0, 0, 0, 0, 0, 0, 0, 0, 0, 0, 0, 0, 0, 0, 0, 0, 0, 0, 0, 0, 0, 0, 0, 0, 0, 0, 0, 0, 0, 0, 0, 0, 0, 0, 0, 0, 0, 0, 0, 0, 0, 0, 0, 0, 0, 0, 0, 0, 0, 0, 0, 0, 0, 0, 0, 0, 0, 0, 0, 0, 0, 0, 0, 0, 0, 0, 0, 0, 0, 0, 0, 0, 0, 0, 0, 0, 0, 0, 0, 0, 0, 0, 0, 0, 0, 0, 0, 0, 0, 0, 0, 0, 0, 0, 0, 0, 0, 0, 0, 0, 0, 0, 0, 0, 0, 0, 0, 0, 0, 0, 0, 0, 0, 0, 0, 0, 0, 0, 0, 0, 0, 0, 0, 0, 0, 0, 0, 0, 0, 0, 0, 0, 0, 0, 0, 0, 0, 0, 0, 0, 0, 0, 0, 0, 0, 0, 0, 0, 0, 0, 0, 0, 0, 0, 0, 0, 0, 0, 0, 0, 0, 0, 0, 0, 0, 0, 0, 0, 0, 0, 0, 0, 0, 0, 0, 0, 0, 0, 0, 0, 0, 0, 0, 0, 0, 0, 0, 0, 0, 0, 0, 0, 0, 0, 0, 0, 0, 0, 0, 0, 0, 0, 0, 0, 0, 0, 0, 0, 0, 0, 0, 0, 0, 0, 0, 0, 0, 0, 0, 0, 0, 0, 0, 0, 0, 0, 0, 0, 0, 0, 0, 0, 0, 0, 0, 0, 0, 0, 0, 0, 0, 0, 0, 0, 0, 0, 0, 0, 0, 0, 0, 0, 0, 0, 0, 0, 0, 0, 0, 0, 0, 0, 0, 0, 0, 0, 0, 0, 0, 0, 0, 0, 0, 0, 0, 0, 0, 0, 0, 0, 0, 0, 0, 0, 0, 0, 0, 0, 0, 0, 0, 0, 0, 0, 0, 0, 0, 0, 0, 0, 0, 0, 0, 0, 0, 0, 0, 0, 0, 0, 0, 0, 0, 0, 0, 0, 0, 0, 0, 0, 0, 0, 0, 0, 0, 0, 0, 0, 0, 0, 0, 0, 0, 0, 0, 0, 0, 0, 0, 0, 0, 0, 0, 0, 0, 0, 0, 0, 0, 0, 0, 0, 0, 0, 0, 0, 0, 0, 0, 0, 0, 0, 0, 0, 0, 0, 0, 0, 0, 0, 0, 0, 0, 0, 0, 0, 0, 0, 0, 0, 0, 0, 0, 0, 0, 0, 0, 0, 0, 0, 0, 0, 0, 0, 0, 0, 0, 0, 0, 0, 0, 0, 0, 0, 0, 0, 0, 0, 0, 0, 0, 0, 0, 0, 0, 0, 0, 0, 0, 0, 0, 0, 0, 0, 0, 0, 0, 0, 0, 0, 0, 0, 0, 0, 0, 0, 0, 0, 0, 0, 0, 0, 0, 0, 0, 0, 0, 0, 0, 0, 0, 0, 0, 0, 0, 0, 0, 0, 0, 0, 0, 0, 0, 0, 0, 0, 0, 0, 0, 0, 0, 0, 0, 0, 0, 0, 0, 0, 0, 0, 0, 0, 0, 0, 0, 0, 0, 0, 0, 0, 0, 0, 0, 0, 0, 0, 0, 0, 0, 0, 0, 0, 0, 0, 0, 0, 0, 0, 0, 0, 0, 0, 0, 0, 0, 0, 0, 0, 0, 0, 0, 0, 0, 0, 0, 0, 0, 0, 0, 0, 0, 0, 0, 0, 0, 0, 0, 0, 0, 0, 0, 0, 0, 0, 0, 0, 0, 0, 0, 0, 0, 0, 0, 0, 0, 0, 0, 0, 0, 0, 0, 0, 0, 0, 0, 0, 0, 0, 0, 0, 0, 0, 0, 0, 0, 0, 0, 0, 0, 0, 0, 0, 0, 0, 0, 0, 0, 0, 0, 0, 0, 0, 0, 0, 0, 0, 0, 0, 0, 0, 0, 0, 0, 0, 0, 0, 0, 0, 0, 0, 0, 0, 0, 0, 0, 0, 0, 0, 0, 0, 0, 0, 0, 0, 0, 0, 0, 0, 0, 0, 0, 0, 0, 0, 0, 0, 0, 0, 0, 0, 0, 0, 0, 0, 0, 0, 0, 0, 0, 0, 0, 0, 0, 0, 0, 0, 0, 0, 0, 0, 0, 0, 0, 0, 0, 0, 0, 0, 0, 0, 0, 0, 0, 0, 0, 0, 0, 0, 0, 0, 0, 0, 0, 0, 0, 0, 0, 0, 0, 0, 0, 0, 0, 0, 0, 0, 0, 0, 0, 0, 0, 0, 0, 0, 0, 0, 0, 0, 0, 0, 0, 0, 0, 0, 0],
         "height":15,
         "name":"UpperLayer",
         "opacity":1,
         "type":"tilelayer",
         "visible":true,
         "width":120,
         "x":0,
         "y":0
        }, 
        {
         "draworder":"topdown",
         "name":"FolkTribe",
         "objects":[
                {
                 "height":208,
                 "id":7,
                 "name":"",
                 "rotation":0,
                 "type":"",
                 "visible":true,
                 "width":432,
                 "x":208,
                 "y":16
                }, 
                {
                 "height":208,
                 "id":46,
                 "name":"",
                 "rotation":0,
                 "type":"",
                 "visible":true,
                 "width":224,
                 "x":400,
                 "y":16
                }],
         "opacity":1,
         "type":"objectgroup",
         "visible":true,
         "x":0,
         "y":0
        }, 
        {
         "draworder":"topdown",
         "name":"SafePoints",
         "objects":[
                {
                 "height":0,
                 "id":50,
                 "name":"",
                 "point":true,
                 "rotation":0,
                 "type":"",
                 "visible":true,
                 "width":0,
                 "x":800,
                 "y":144
                }, 
                {
                 "height":0,
                 "id":52,
                 "name":"",
                 "point":true,
                 "rotation":0,
                 "type":"",
                 "visible":true,
                 "width":0,
                 "x":928,
                 "y":176
                }, 
                {
                 "height":0,
                 "id":53,
                 "name":"",
                 "point":true,
                 "rotation":0,
                 "type":"",
                 "visible":true,
                 "width":0,
                 "x":1008,
                 "y":96
                }, 
                {
                 "height":0,
                 "id":54,
                 "name":"",
                 "point":true,
                 "rotation":0,
                 "type":"",
                 "visible":true,
                 "width":0,
                 "x":1120,
                 "y":144
                }, 
                {
                 "height":0,
                 "id":55,
                 "name":"",
                 "point":true,
                 "rotation":0,
                 "type":"",
                 "visible":true,
                 "width":0,
                 "x":1328,
                 "y":160
                }, 
                {
                 "height":0,
                 "id":58,
                 "name":"",
                 "point":true,
                 "rotation":0,
                 "type":"",
                 "visible":true,
                 "width":0,
                 "x":1552,
                 "y":80
                }, 
                {
                 "height":0,
                 "id":59,
                 "name":"",
                 "point":true,
                 "rotation":0,
                 "type":"",
                 "visible":true,
                 "width":0,
                 "x":1792,
                 "y":128
                }],
         "opacity":1,
         "type":"objectgroup",
         "visible":true,
         "x":0,
         "y":0
        }, 
        {
         "draworder":"topdown",
         "name":"FolkSpawn",
         "objects":[
                {
                 "height":0,
                 "id":13,
                 "name":"",
                 "point":true,
                 "rotation":0,
                 "type":"",
                 "visible":true,
                 "width":0,
                 "x":576,
                 "y":144
                }, 
                {
                 "height":0,
                 "id":14,
                 "name":"",
                 "point":true,
                 "rotation":0,
                 "type":"",
                 "visible":true,
                 "width":0,
                 "x":464,
                 "y":80
                }, 
                {
                 "height":0,
                 "id":15,
                 "name":"",
                 "point":true,
                 "rotation":0,
                 "type":"",
                 "visible":true,
                 "width":0,
                 "x":480,
                 "y":144
                }, 
                {
                 "height":0,
                 "id":16,
                 "name":"",
                 "point":true,
                 "rotation":0,
                 "type":"",
                 "visible":true,
                 "width":0,
                 "x":512,
                 "y":64
                }, 
                {
                 "height":0,
                 "id":17,
                 "name":"",
                 "point":true,
                 "rotation":0,
                 "type":"",
                 "visible":true,
                 "width":0,
                 "x":416,
                 "y":128
                }, 
                {
                 "height":0,
                 "id":18,
                 "name":"",
                 "point":true,
                 "rotation":0,
                 "type":"",
                 "visible":true,
                 "width":0,
                 "x":528,
                 "y":176
                }, 
                {
                 "height":0,
                 "id":19,
                 "name":"",
                 "point":true,
                 "rotation":0,
                 "type":"",
                 "visible":true,
                 "width":0,
                 "x":496,
                 "y":192
                }, 
                {
                 "height":0,
                 "id":21,
                 "name":"",
                 "point":true,
                 "rotation":0,
                 "type":"",
                 "visible":true,
                 "width":0,
                 "x":496,
                 "y":96
                }, 
                {
                 "height":0,
                 "id":25,
                 "name":"",
                 "point":true,
                 "rotation":0,
                 "type":"",
                 "visible":true,
                 "width":0,
                 "x":512,
                 "y":128
                }, 
                {
                 "height":0,
                 "id":26,
                 "name":"",
                 "point":true,
                 "rotation":0,
                 "type":"",
                 "visible":true,
                 "width":0,
                 "x":528,
                 "y":128
                }, 
                {
                 "height":0,
                 "id":27,
                 "name":"",
                 "point":true,
                 "rotation":0,
                 "type":"",
                 "visible":true,
                 "width":0,
                 "x":448,
                 "y":112
                }, 
                {
                 "height":0,
                 "id":37,
                 "name":"",
                 "point":true,
                 "rotation":0,
                 "type":"",
                 "visible":true,
                 "width":0,
                 "x":416,
                 "y":192
                }, 
                {
                 "height":0,
                 "id":38,
                 "name":"",
                 "point":true,
                 "rotation":0,
                 "type":"",
                 "visible":true,
                 "width":0,
                 "x":480,
                 "y":176
                }, 
                {
                 "height":0,
                 "id":39,
                 "name":"",
                 "point":true,
                 "rotation":0,
                 "type":"",
                 "visible":true,
                 "width":0,
                 "x":560,
                 "y":80
                }, 
                {
                 "height":0,
                 "id":40,
                 "name":"",
                 "point":true,
                 "rotation":0,
                 "type":"",
                 "visible":true,
                 "width":0,
                 "x":544,
                 "y":112
                }, 
                {
                 "height":0,
                 "id":41,
                 "name":"",
                 "point":true,
                 "rotation":0,
                 "type":"",
                 "visible":true,
                 "width":0,
                 "x":560,
                 "y":176
                }],
         "opacity":1,
         "type":"objectgroup",
         "visible":true,
         "x":0,
         "y":0
        }],
 "nextobjectid":62,
 "orientation":"orthogonal",
 "renderorder":"right-up",
 "tiledversion":"1.1.4",
 "tileheight":16,
 "tilesets":[
        {
         "columns":10,
         "firstgid":1,
         "image":"n_tile.png",
         "imageheight":208,
         "imagewidth":160,
         "margin":0,
         "name":"n_tile",
         "spacing":0,
         "tilecount":130,
         "tileheight":16,
         "tileproperties":
            {
             "0":
                {
                 "colliadable":false
                },
             "1":
                {
                 "colliadable":false
                },
             "10":
                {
                 "colliadable":true
                },
             "100":
                {
                 "colliadable":false
                },
             "101":
                {
                 "colliadable":false
                },
             "102":
                {
                 "colliadable":false
                },
             "103":
                {
                 "colliadable":false
                },
             "104":
                {
                 "colliadable":true
                },
             "105":
                {
                 "colliadable":true
                },
             "106":
                {
                 "colliadable":true
                },
             "107":
                {
                 "colliadable":true
                },
             "108":
                {
                 "colliadable":true
                },
             "109":
                {
                 "colliadable":false
                },
             "11":
                {
                 "colliadable":true
                },
             "110":
                {
                 "colliadable":false
                },
             "111":
                {
                 "colliadable":false
                },
             "112":
                {
                 "colliadable":false
                },
             "113":
                {
                 "colliadable":false
                },
             "114":
                {
                 "colliadable":true
                },
             "115":
                {
                 "colliadable":true
                },
             "116":
                {
                 "colliadable":true
                },
             "117":
                {
                 "colliadable":true
                },
             "118":
                {
                 "colliadable":true
                },
             "119":
                {
                 "colliadable":false
                },
             "12":
                {
                 "colliadable":false
                },
             "120":
                {
                 "colliadable":false
                },
             "121":
                {
                 "colliadable":false
                },
             "122":
                {
                 "colliadable":false
                },
             "123":
                {
                 "colliadable":false
                },
             "124":
                {
                 "colliadable":true
                },
             "125":
                {
                 "colliadable":true
                },
             "126":
                {
                 "colliadable":true
                },
             "127":
                {
                 "colliadable":false
                },
             "128":
                {
                 "colliadable":false
                },
             "129":
                {
                 "colliadable":false
                },
             "13":
                {
                 "colliadable":false
                },
             "14":
                {
                 "colliadable":false
                },
             "15":
                {
                 "colliadable":false
                },
             "16":
                {
                 "colliadable":false
                },
             "17":
                {
                 "colliadable":false
                },
             "18":
                {
                 "colliadable":false
                },
             "19":
                {
                 "colliadable":false
                },
             "2":
                {
                 "colliadable":false
                },
             "20":
                {
                 "colliadable":true
                },
             "21":
                {
                 "colliadable":true
                },
             "22":
                {
                 "colliadable":true
                },
             "23":
                {
                 "colliadable":true
                },
             "24":
                {
                 "colliadable":false
                },
             "25":
                {
                 "colliadable":false
                },
             "26":
                {
                 "colliadable":false
                },
             "27":
                {
                 "colliadable":false
                },
             "28":
                {
                 "colliadable":false
                },
             "29":
                {
                 "colliadable":true
                },
             "3":
                {
                 "colliadable":true
                },
             "30":
                {
                 "colliadable":true
                },
             "31":
                {
                 "colliadable":true
                },
             "32":
                {
                 "colliadable":true
                },
             "33":
                {
                 "colliadable":false
                },
             "34":
                {
                 "colliadable":false
                },
             "35":
                {
                 "colliadable":false
                },
             "36":
                {
                 "colliadable":false
                },
             "37":
                {
                 "colliadable":false
                },
             "38":
                {
                 "colliadable":false
                },
             "39":
                {
                 "colliadable":true
                },
             "4":
                {
                 "colliadable":true
                },
             "40":
                {
                 "colliadable":true
                },
             "41":
                {
                 "colliadable":true
                },
             "42":
                {
                 "colliadable":true
                },
             "43":
                {
                 "colliadable":false
                },
             "44":
                {
                 "colliadable":false
                },
             "45":
                {
                 "colliadable":false
                },
             "46":
                {
                 "colliadable":false
                },
             "47":
                {
                 "colliadable":false
                },
             "48":
                {
                 "colliadable":false
                },
             "49":
                {
                 "colliadable":true
                },
             "5":
                {
                 "colliadable":true
                },
             "50":
                {
                 "colliadable":true
                },
             "51":
                {
                 "colliadable":true
                },
             "52":
                {
                 "colliadable":true
                },
             "53":
                {
                 "colliadable":false
                },
             "54":
                {
                 "colliadable":false
                },
             "55":
                {
                 "colliadable":false
                },
             "56":
                {
                 "colliadable":false
                },
             "57":
                {
                 "colliadable":false
                },
             "58":
                {
                 "colliadable":false
                },
             "59":
                {
                 "colliadable":false
                },
             "6":
                {
                 "colliadable":true
                },
             "60":
                {
                 "colliadable":true
                },
             "61":
                {
                 "colliadable":true
                },
             "62":
                {
                 "colliadable":true
                },
             "63":
                {
                 "colliadable":false
                },
             "64":
                {
                 "colliadable":false
                },
             "65":
                {
                 "colliadable":false
                },
             "66":
                {
                 "colliadable":false
                },
             "67":
                {
                 "colliadable":false
                },
             "68":
                {
                 "colliadable":false
                },
             "69":
                {
                 "colliadable":false
                },
             "7":
                {
                 "colliadable":true
                },
             "70":
                {
                 "colliadable":true
                },
             "71":
                {
                 "colliadable":true
                },
             "72":
                {
                 "colliadable":true
                },
             "73":
                {
                 "colliadable":true
                },
             "74":
                {
                 "colliadable":true
                },
             "75":
                {
                 "colliadable":true
                },
             "76":
                {
                 "colliadable":true
                },
             "77":
                {
                 "colliadable":false
                },
             "78":
                {
                 "colliadable":false
                },
             "79":
                {
                 "colliadable":false
                },
             "8":
                {
                 "colliadable":true
                },
             "80":
                {
                 "colliadable":true
                },
             "81":
                {
                 "colliadable":true
                },
             "82":
                {
                 "colliadable":true
                },
             "83":
                {
                 "colliadable":true
                },
             "84":
                {
                 "colliadable":true
                },
             "85":
                {
                 "colliadable":true
                },
             "86":
                {
                 "colliadable":true
                },
             "87":
                {
                 "colliadable":true
                },
             "88":
                {
                 "colliadable":true
                },
             "89":
                {
                 "colliadable":false
                },
             "9":
                {
                 "colliadable":true
                },
             "90":
                {
                 "colliadable":true
                },
             "91":
                {
                 "colliadable":true
                },
             "92":
                {
                 "colliadable":true
                },
             "93":
                {
                 "colliadable":true
                },
             "94":
                {
                 "colliadable":true
                },
             "95":
                {
                 "colliadable":true
                },
             "96":
                {
                 "colliadable":true
                },
             "97":
                {
                 "colliadable":true
                },
             "98":
                {
                 "colliadable":true
                },
             "99":
                {
                 "colliadable":false
                }
            },
         "tilepropertytypes":
            {
             "0":
                {
                 "colliadable":"bool"
                },
             "1":
                {
                 "colliadable":"bool"
                },
             "10":
                {
                 "colliadable":"bool"
                },
             "100":
                {
                 "colliadable":"bool"
                },
             "101":
                {
                 "colliadable":"bool"
                },
             "102":
                {
                 "colliadable":"bool"
                },
             "103":
                {
                 "colliadable":"bool"
                },
             "104":
                {
                 "colliadable":"bool"
                },
             "105":
                {
                 "colliadable":"bool"
                },
             "106":
                {
                 "colliadable":"bool"
                },
             "107":
                {
                 "colliadable":"bool"
                },
             "108":
                {
                 "colliadable":"bool"
                },
             "109":
                {
                 "colliadable":"bool"
                },
             "11":
                {
                 "colliadable":"bool"
                },
             "110":
                {
                 "colliadable":"bool"
                },
             "111":
                {
                 "colliadable":"bool"
                },
             "112":
                {
                 "colliadable":"bool"
                },
             "113":
                {
                 "colliadable":"bool"
                },
             "114":
                {
                 "colliadable":"bool"
                },
             "115":
                {
                 "colliadable":"bool"
                },
             "116":
                {
                 "colliadable":"bool"
                },
             "117":
                {
                 "colliadable":"bool"
                },
             "118":
                {
                 "colliadable":"bool"
                },
             "119":
                {
                 "colliadable":"bool"
                },
             "12":
                {
                 "colliadable":"bool"
                },
             "120":
                {
                 "colliadable":"bool"
                },
             "121":
                {
                 "colliadable":"bool"
                },
             "122":
                {
                 "colliadable":"bool"
                },
             "123":
                {
                 "colliadable":"bool"
                },
             "124":
                {
                 "colliadable":"bool"
                },
             "125":
                {
                 "colliadable":"bool"
                },
             "126":
                {
                 "colliadable":"bool"
                },
             "127":
                {
                 "colliadable":"bool"
                },
             "128":
                {
                 "colliadable":"bool"
                },
             "129":
                {
                 "colliadable":"bool"
                },
             "13":
                {
                 "colliadable":"bool"
                },
             "14":
                {
                 "colliadable":"bool"
                },
             "15":
                {
                 "colliadable":"bool"
                },
             "16":
                {
                 "colliadable":"bool"
                },
             "17":
                {
                 "colliadable":"bool"
                },
             "18":
                {
                 "colliadable":"bool"
                },
             "19":
                {
                 "colliadable":"bool"
                },
             "2":
                {
                 "colliadable":"bool"
                },
             "20":
                {
                 "colliadable":"bool"
                },
             "21":
                {
                 "colliadable":"bool"
                },
             "22":
                {
                 "colliadable":"bool"
                },
             "23":
                {
                 "colliadable":"bool"
                },
             "24":
                {
                 "colliadable":"bool"
                },
             "25":
                {
                 "colliadable":"bool"
                },
             "26":
                {
                 "colliadable":"bool"
                },
             "27":
                {
                 "colliadable":"bool"
                },
             "28":
                {
                 "colliadable":"bool"
                },
             "29":
                {
                 "colliadable":"bool"
                },
             "3":
                {
                 "colliadable":"bool"
                },
             "30":
                {
                 "colliadable":"bool"
                },
             "31":
                {
                 "colliadable":"bool"
                },
             "32":
                {
                 "colliadable":"bool"
                },
             "33":
                {
                 "colliadable":"bool"
                },
             "34":
                {
                 "colliadable":"bool"
                },
             "35":
                {
                 "colliadable":"bool"
                },
             "36":
                {
                 "colliadable":"bool"
                },
             "37":
                {
                 "colliadable":"bool"
                },
             "38":
                {
                 "colliadable":"bool"
                },
             "39":
                {
                 "colliadable":"bool"
                },
             "4":
                {
                 "colliadable":"bool"
                },
             "40":
                {
                 "colliadable":"bool"
                },
             "41":
                {
                 "colliadable":"bool"
                },
             "42":
                {
                 "colliadable":"bool"
                },
             "43":
                {
                 "colliadable":"bool"
                },
             "44":
                {
                 "colliadable":"bool"
                },
             "45":
                {
                 "colliadable":"bool"
                },
             "46":
                {
                 "colliadable":"bool"
                },
             "47":
                {
                 "colliadable":"bool"
                },
             "48":
                {
                 "colliadable":"bool"
                },
             "49":
                {
                 "colliadable":"bool"
                },
             "5":
                {
                 "colliadable":"bool"
                },
             "50":
                {
                 "colliadable":"bool"
                },
             "51":
                {
                 "colliadable":"bool"
                },
             "52":
                {
                 "colliadable":"bool"
                },
             "53":
                {
                 "colliadable":"bool"
                },
             "54":
                {
                 "colliadable":"bool"
                },
             "55":
                {
                 "colliadable":"bool"
                },
             "56":
                {
                 "colliadable":"bool"
                },
             "57":
                {
                 "colliadable":"bool"
                },
             "58":
                {
                 "colliadable":"bool"
                },
             "59":
                {
                 "colliadable":"bool"
                },
             "6":
                {
                 "colliadable":"bool"
                },
             "60":
                {
                 "colliadable":"bool"
                },
             "61":
                {
                 "colliadable":"bool"
                },
             "62":
                {
                 "colliadable":"bool"
                },
             "63":
                {
                 "colliadable":"bool"
                },
             "64":
                {
                 "colliadable":"bool"
                },
             "65":
                {
                 "colliadable":"bool"
                },
             "66":
                {
                 "colliadable":"bool"
                },
             "67":
                {
                 "colliadable":"bool"
                },
             "68":
                {
                 "colliadable":"bool"
                },
             "69":
                {
                 "colliadable":"bool"
                },
             "7":
                {
                 "colliadable":"bool"
                },
             "70":
                {
                 "colliadable":"bool"
                },
             "71":
                {
                 "colliadable":"bool"
                },
             "72":
                {
                 "colliadable":"bool"
                },
             "73":
                {
                 "colliadable":"bool"
                },
             "74":
                {
                 "colliadable":"bool"
                },
             "75":
                {
                 "colliadable":"bool"
                },
             "76":
                {
                 "colliadable":"bool"
                },
             "77":
                {
                 "colliadable":"bool"
                },
             "78":
                {
                 "colliadable":"bool"
                },
             "79":
                {
                 "colliadable":"bool"
                },
             "8":
                {
                 "colliadable":"bool"
                },
             "80":
                {
                 "colliadable":"bool"
                },
             "81":
                {
                 "colliadable":"bool"
                },
             "82":
                {
                 "colliadable":"bool"
                },
             "83":
                {
                 "colliadable":"bool"
                },
             "84":
                {
                 "colliadable":"bool"
                },
             "85":
                {
                 "colliadable":"bool"
                },
             "86":
                {
                 "colliadable":"bool"
                },
             "87":
                {
                 "colliadable":"bool"
                },
             "88":
                {
                 "colliadable":"bool"
                },
             "89":
                {
                 "colliadable":"bool"
                },
             "9":
                {
                 "colliadable":"bool"
                },
             "90":
                {
                 "colliadable":"bool"
                },
             "91":
                {
                 "colliadable":"bool"
                },
             "92":
                {
                 "colliadable":"bool"
                },
             "93":
                {
                 "colliadable":"bool"
                },
             "94":
                {
                 "colliadable":"bool"
                },
             "95":
                {
                 "colliadable":"bool"
                },
             "96":
                {
                 "colliadable":"bool"
                },
             "97":
                {
                 "colliadable":"bool"
                },
             "98":
                {
                 "colliadable":"bool"
                },
             "99":
                {
                 "colliadable":"bool"
                }
            },
         "tiles":
            {
             "29":
                {
                 "animation":[
                        {
                         "duration":400,
                         "tileid":29
                        }, 
                        {
                         "duration":400,
                         "tileid":39
                        }]
                },
             "6":
                {
                 "animation":[
                        {
                         "duration":200,
                         "tileid":6
                        }, 
                        {
                         "duration":200,
                         "tileid":7
                        }, 
                        {
                         "duration":200,
                         "tileid":8
                        }, 
                        {
                         "duration":200,
                         "tileid":9
                        }]
                },
             "74":
                {
                 "animation":[
                        {
                         "duration":400,
                         "tileid":74
                        }, 
                        {
                         "duration":400,
                         "tileid":104
                        }]
                },
             "75":
                {
                 "animation":[
                        {
                         "duration":400,
                         "tileid":75
                        }, 
                        {
                         "duration":400,
                         "tileid":105
                        }]
                },
             "76":
                {
                 "animation":[
                        {
                         "duration":400,
                         "tileid":76
                        }, 
                        {
                         "duration":400,
                         "tileid":106
                        }]
                },
             "84":
                {
                 "animation":[
                        {
                         "duration":400,
                         "tileid":84
                        }, 
                        {
                         "duration":400,
                         "tileid":114
                        }]
                },
             "86":
                {
                 "animation":[
                        {
                         "duration":400,
                         "tileid":86
                        }, 
                        {
                         "duration":400,
                         "tileid":116
                        }]
                },
             "87":
                {
                 "animation":[
                        {
                         "duration":400,
                         "tileid":87
                        }, 
                        {
                         "duration":400,
                         "tileid":107
                        }]
                },
             "88":
                {
                 "animation":[
                        {
                         "duration":400,
                         "tileid":88
                        }, 
                        {
                         "duration":400,
                         "tileid":108
                        }]
                },
             "94":
                {
                 "animation":[
                        {
                         "duration":400,
                         "tileid":94
                        }, 
                        {
                         "duration":400,
                         "tileid":124
                        }]
                },
             "95":
                {
                 "animation":[
                        {
                         "duration":400,
                         "tileid":95
                        }, 
                        {
                         "duration":400,
                         "tileid":125
                        }]
                },
             "96":
                {
                 "animation":[
                        {
                         "duration":400,
                         "tileid":96
                        }, 
                        {
                         "duration":400,
                         "tileid":126
                        }]
                },
             "97":
                {
                 "animation":[
                        {
                         "duration":400,
                         "tileid":97
                        }, 
                        {
                         "duration":400,
                         "tileid":117
                        }]
                },
             "98":
                {
                 "animation":[
                        {
                         "duration":400,
                         "tileid":98
                        }, 
                        {
                         "duration":400,
                         "tileid":118
                        }]
                }
            },
         "tilewidth":16
        }],
 "tilewidth":16,
 "type":"map",
 "version":1,
 "width":120
}